Id;Nombre;Apellido;Email
1;Lucas;Irusta;lucas.irusta@gmail.com
2;Rodrigo;Actis;rodrigo.actis@outlook.com
3;Lucas;Actis;rodrigo.actis@outlook.com
4;Carlos;Actis;rodrigo.actis@outlook.com
5;Tomas;Actis;rodrigo.actis@outlook.com
6;Rodrigo;Actis;rodrigo.actis@outlook.com
7;Pedro;Actis;rodrigo.actis@outlook.com
8;Rocio;Actis;rodrigo.actis@outlook.com
9;Esteba;Actis;rodrigo.acti@outlook.com
10;Felipe;Actis;rodrigo.actis@outlook.com
11;Oscar;Lopez;rodrigo.Lopez@outlook.com
12;Héctor;Banega;elmillo@hotmail.com
13;juan;perez;juanp@gmail.com
14;benito;camela;beni@gmail.com
15;jorge;molina;jmolina@gmail.com
16;enzo;landa;landae@gmail.com
17;lalo;cura;curalalo@gmail.com
18;pechugas;laru;larup@gmail.com
19;esteban;quito;estabanq@gmail.com
20;pablo;nandez;pnandez@gmail.com
21;nicolas;castro;ncastro@gmail.com
22;juan;romario;jmario@gmail.com
23;pedro;noriega;pnoriega@gmail.com
24;Carlos;Ausqui;causqui@gmail.com
25;Aaa;Bbbb;aaabbbb@gmail.com
26;Juan;Caruzo;juan88caruzo@gmail.com
27;Jana;Banana;jbanana@gmail.com
28;Jose;Tobias;22locotito@gmail.com
29;Soledad;Sanchez;solsanchez@gmail.com
30;Rocio;Amaranto;roamar@gmail.com
31;Roberto;Cali;rcali@gmail.com
